delta,theta,lowalpha,highalpha,lowbeta,highbeta,lowgamma,middlegamma,attention,mark
618845,489748,44023,72930,140891,71743,28606,5918,34,0
435834,120698,12024,26852,8625,4257,6886,3949,29,0
161779,359643,18167,9228,5306,6810,6203,2955,30,0
2298283,393272,172210,184957,80658,58384,132669,25392,67,1
133049,35255,4293,2459,15829,5178,2372,842,80,1
988201,388191,95634,14115,55595,19799,7477,4872,70,1
70620,30401,15728,2079,9101,9790,7824,2106,66,1
236230,74671,47917,22347,5812,11296,5645,2999,63,1
1373471,503241,113444,90451,71654,81227,22099,8053,56,1
160111,27980,2567,3598,9496,10944,2635,744,80,1
34195,177426,20140,13866,28740,13035,11136,5290,87,1
726127,33386,3540,11925,16017,9083,1802,822,96,1
1987713,156622,4590,93001,72487,40185,10068,4146,100,1
101077,51242,1153,7146,9853,4959,589,263,84,1
549039,58291,14839,8962,1683,5598,2503,1159,84,1
131414,53000,28311,4243,5253,11796,2191,627,80,1
212789,70061,19383,3794,2870,4359,1458,2143,66,1
177563,48807,2963,21507,8573,21203,3674,2819,81,1
745509,140711,22420,25654,9572,9083,5831,1664,78,1
1952205,364281,79696,20057,24223,65703,10090,7489,80,1
237863,98056,31946,4585,19681,12137,10330,2344,87,1
413908,186237,3824,10638,56586,19018,8327,2925,74,1
84650,31180,4523,2287,4413,1733,971,497,70,1
1136026,220958,48963,37121,15000,21849,6938,2039,61,1
767129,107236,86309,58329,64098,53487,4245,2904,74,1
693849,25434,18851,33541,12373,27622,14357,4229,88,1
200597,16789,3006,4562,3750,3429,795,405,100,1
74870,32233,2578,4892,5331,1439,1704,1393,93,1
689102,126816,34082,5863,34182,13979,8835,1759,80,1
329768,8637,12769,6461,6680,4291,1190,1389,69,1
91677,83010,28932,12338,25383,20503,11223,4136,70,1
393474,76909,38992,93284,78377,43815,14371,1996,91,1
1017701,157570,64180,50794,26774,37281,21137,2423,96,1
48296,36819,43101,14802,31317,38418,14910,3668,100,1
220699,44386,7966,8477,5197,3598,945,1196,94,1
819539,165298,12703,14469,35528,24773,9661,4244,88,1
144732,20910,8368,2248,3642,2616,1051,616,81,1
113544,12020,7369,2636,758,2940,821,320,67,1
27711,38046,23821,6117,7450,7434,2356,572,74,1
30362,3633,1559,1848,657,670,362,346,69,1
60762,39329,30900,6340,16477,30390,4127,1826,87,1
28971,66225,24708,4269,26580,19215,11075,2774,91,1
29027,8205,3294,3034,4914,1590,1109,205,91,1
1375106,52670,14056,19948,40568,7203,5187,2218,91,1
2447244,131512,16971,32256,26252,71739,40789,15934,91,1
732123,1516626,228556,620449,472858,418180,167755,139539,88,1
516111,56153,13217,12199,3126,6662,4614,2651,87,1
481807,76718,4840,26125,47918,61168,24267,4305,100,1
318771,25466,15699,12353,14954,9201,5944,991,93,1
1348776,209278,27431,82116,25014,64878,15094,3251,94,1
934635,594782,14589,115546,69277,67436,12081,11030,93,1
152674,15681,8886,3309,5035,3838,1755,409,80,1
164308,285385,34167,89433,90349,19048,4623,1748,67,1
34540,28514,8489,1232,4363,4680,1013,152,61,1
497744,49772,30683,65925,15886,36831,14644,4478,63,1
265220,4742,1980,4097,1385,3844,2120,604,75,1
166777,24262,19681,15379,7637,11350,9432,3812,91,1
304630,46109,33943,13628,38130,22325,11842,2348,100,1
38807,43582,13946,6420,8017,13195,7731,2007,100,1
814833,70615,4950,5290,49592,22221,6426,3978,97,1
56853,43461,4960,31508,31345,18722,10389,4990,100,1
368542,109842,32229,11738,2686,6134,856,1126,81,1
119420,70572,39367,12531,21417,15113,4291,3058,77,1
172337,48133,38548,2424,8793,3617,1656,423,57,1
102200,69093,4371,1809,3926,2389,1184,760,44,0
188179,148278,62640,35621,4505,10398,4618,3514,44,0
41026,29085,14770,2744,2077,2992,1327,655,41,0
168757,49759,9080,4800,8743,3451,704,413,37,0
159991,141813,2993,27792,6275,15013,7892,1937,44,0
41220,79682,5615,10025,5338,1933,930,459,37,0
196978,35274,6972,5151,4304,2862,438,687,38,0
40397,9417,7417,10995,6137,4239,9635,1709,44,0
18890,12490,2936,9619,7154,14635,2199,1825,64,1
242787,74570,10474,20658,18858,7386,1819,1945,78,1
207052,79896,32785,16852,14097,10514,2156,1423,80,1
332707,26897,5788,10794,44346,13427,5364,6632,84,1
122359,32161,57862,68176,26974,25106,4645,572,70,1
107663,13995,3689,1860,2939,1614,280,50,74,1
25015,9333,4035,6997,6460,8542,1720,1331,90,1
125973,41758,7703,30796,16430,4365,5745,1357,74,1
255451,44137,4994,4335,4023,2439,692,572,60,1
65867,22565,3250,2230,5241,3288,1646,1146,63,1
92213,48457,44215,23255,19590,8535,6144,1903,44,0
141860,35893,33444,10289,7644,8355,5286,2427,60,1
214833,194742,45220,26227,18977,31232,5070,2646,60,1
233195,21381,8847,3844,11755,2527,2707,790,57,1
26225,30436,9661,13173,10300,4352,3335,1780,56,1
106639,24425,4481,7566,14279,3588,1410,1175,57,1
1015877,170343,60340,29557,34972,45671,10444,4251,69,1
60012,63891,22573,10711,13993,4732,8338,2954,63,1
72415,119970,19873,22207,11090,11782,8316,1222,56,1
296872,88185,14191,39303,22401,9349,7104,5235,44,0
106319,16884,10482,11120,17341,18339,3873,2782,66,1
127136,59364,83288,29027,13667,14975,9002,911,67,1
106497,52288,25553,14280,10757,13231,5129,1693,74,1
87697,95832,7520,23113,14687,7231,4134,2781,70,1
42496,48590,50187,4292,6903,13139,3486,1211,57,1
393225,50889,6849,17329,16064,2529,1194,1188,37,0
60652,84732,35414,27845,14813,9571,3607,1012,37,0
216399,9470,4886,10288,4638,4479,933,250,41,0
347559,28696,6672,23666,12858,7742,5354,2412,66,1
2412309,375877,73072,42350,20657,16163,5528,2355,60,1
332995,24843,18690,8227,5764,3298,1008,481,40,0
92258,140181,18176,10404,7666,6653,2371,1183,41,0
64500,95008,19266,12851,17123,3929,4175,2090,34,0
141553,37980,9876,4536,8758,6357,374,346,37,0
647479,57012,46525,11983,3896,13640,1632,1166,43,0
1765074,1132019,74450,13996,43713,44797,19235,9568,41,0
1575360,815279,92713,57427,50312,33778,12098,15588,40,0
679946,212696,20892,1895,31477,3691,6352,808,20,0
86036,23954,3967,578,2100,978,480,338,21,0
514139,40272,23028,24075,13349,8179,5946,2056,21,0
33158,32735,46623,23792,5467,3312,4376,3941,20,0
197477,304773,15455,18855,15112,14905,4427,3480,29,0
111664,73671,9319,12622,19330,9792,3973,624,41,0
41802,35697,15595,18723,10319,8636,5680,2858,43,0
82383,37160,15528,16282,14534,14998,4436,5057,67,1
275554,72519,14007,5127,3641,4413,1971,564,61,1
60523,27910,5825,22930,9857,6514,8319,1552,60,1
62580,15666,6372,6045,37741,4729,6938,1722,67,1
127405,59689,15930,16867,19689,12024,1632,3077,61,1
2398640,140860,37137,55719,7419,13780,8701,2851,63,1
466488,69778,63918,15074,24482,9493,6222,1885,57,1
103480,34959,9114,6212,12271,6999,1815,1001,56,1
212136,18141,3326,6644,16627,2253,739,284,60,1
125521,71250,45759,52624,25215,13994,2637,1142,63,1
352859,75866,21475,21179,11696,12581,2909,2020,60,1
28984,22092,13107,13567,8887,6588,2585,1588,57,1
41273,51801,25696,10873,19755,7122,9899,2779,56,1
136306,28597,39672,8900,11259,6940,4560,2703,44,0
504033,29865,20365,4007,11823,7149,2270,768,57,1
16236,14363,6355,10057,11988,4718,3887,1149,57,1
31357,12356,12850,3088,6382,5209,1505,2026,66,1
113970,63847,12570,10229,10234,9146,1273,2045,64,1
59725,21811,24345,14856,24722,10951,5725,1536,77,1
300430,82612,54708,35725,42407,16491,1474,982,74,1
98950,92639,13570,20625,24568,5056,1947,1133,56,1
393383,134168,30597,19349,23522,18760,6800,2209,44,0
140987,21538,7123,5412,4286,3325,1410,540,43,0
1309701,231041,29971,9307,23401,10164,5981,2807,43,0
1787594,483645,124103,29800,51827,53261,41683,8352,60,1
448269,93014,26046,13516,47879,10224,11682,5814,66,1
17906,7580,6329,4027,4068,2779,935,309,63,1
93216,121034,16128,17373,13373,8452,1800,1040,56,1
905641,76143,13619,8685,24375,26511,5419,2307,67,1
215600,14045,3143,21285,8956,10240,1827,689,80,1
1007886,211897,13164,3795,3534,7199,1824,615,63,1
182693,9243,328,1544,1435,684,80,104,64,1
404461,70359,19875,16893,18451,11642,4612,491,41,0
76642,80953,27861,11373,13113,5350,5194,2591,44,0
262962,51424,23954,11115,3999,5572,1249,318,38,0
340181,128963,44259,20622,19907,10494,7377,1266,37,0
111338,133075,19961,9036,50287,7903,4314,3142,35,0
68349,418471,22113,3432,10908,20576,2626,1514,37,0
374155,540749,31958,61415,11479,13002,8085,3300,24,0
242103,10347,2207,1309,868,523,312,141,20,0
1598223,55463,54360,20268,26185,9369,2905,1837,24,0
726068,228774,32513,6341,12943,3911,1034,779,11,0
44960,3410,1232,905,694,720,613,403,30,0
260964,23198,11790,15018,12093,4736,1466,815,75,1
261875,52037,19343,11523,42785,26212,8718,4183,75,1
119398,38698,15812,7244,9860,4766,5506,1492,75,1
776430,47087,32593,15092,17609,25214,27139,6761,75,1
611893,695798,111780,44374,149723,413905,95861,25848,75,1
20717,13327,81358,16267,3865,8023,16935,2865,67,1
695541,356685,54723,29363,24635,50976,19767,3961,64,1
1142285,84441,30293,7323,26375,25971,44354,4948,66,1
166353,118014,32922,107094,110225,25280,4888,5290,66,1
119232,34093,4537,2953,6274,2591,315,349,64,1
235343,82118,37080,6630,5942,6654,2326,1114,35,0
944575,226779,78526,25919,27772,4610,6251,1863,14,0
1487200,51768,23600,8916,42217,10285,2435,1565,23,0
488014,172693,35435,11947,29698,14016,8962,5090,29,0
125777,19095,10851,3807,3857,3471,1404,639,38,0
20944,26248,34465,8309,3208,1933,899,699,44,0
859865,55989,28959,38167,15081,16144,1456,356,44,0
414668,22607,21467,48598,15495,5316,7975,1913,56,1
401663,61760,5204,7170,6304,1929,2098,831,40,0
62836,80947,25723,30253,18134,4782,3168,530,30,0
466118,8264,2671,980,3463,1071,289,121,29,0
405224,29111,17820,8212,15795,6282,800,467,37,0
70613,28012,16593,5344,7006,4131,1851,1433,57,1
192021,107327,12345,7910,794,6088,3574,1255,43,0
1170156,73797,171880,60959,20350,11321,2509,3882,35,0
13786,34366,6286,3529,4680,5352,3027,1824,38,0
904595,107401,1170,5187,11012,12099,1827,1101,61,1
53502,92600,34553,25955,8427,21779,9340,3356,75,1
347845,188719,103080,44947,156566,50699,26745,6880,77,1
279060,93882,64712,5881,6623,9416,3223,773,63,1
113269,37424,4047,1372,3997,1371,701,414,30,0
97092,288558,41602,44533,5243,9754,3162,3630,40,0
28507,19081,24653,12828,10223,6212,2281,2440,44,0
21316,23102,12942,10243,2354,8980,4464,3447,64,1
37547,39033,20829,5281,6560,11545,2420,1813,60,1
227976,47960,22706,12436,12585,7172,2055,1983,74,1
99555,25596,12298,6465,7098,5873,2787,1563,75,1
107999,40623,4246,4667,3023,2687,2382,541,61,1
349436,243046,39138,16215,17191,11657,1353,766,34,0
74911,124930,50754,31679,20671,9989,6158,3196,40,0
58766,22362,18535,8643,4724,3082,2174,505,44,0
70355,5218,368,1233,1856,1251,325,330,61,1
496860,52434,2410,20890,12820,21483,6031,569,64,1
265945,134542,1552,10613,14117,11248,1901,705,67,1
271424,80664,32205,14814,17089,9657,2108,864,57,1
94429,8859,2389,7857,15851,5820,1232,1017,77,1
144585,176994,33962,140400,47534,15888,13580,4891,57,1
67197,38481,26289,14958,18655,19521,18372,4777,70,1
48556,82048,12311,26207,12089,13272,5866,5980,75,1
147591,36067,11715,131945,20268,8379,8782,1429,56,1
640125,32289,12725,13285,13126,56574,6072,8020,81,1
657345,56494,90481,31255,15126,44780,9965,5592,78,1
104551,112265,29073,7021,13603,6721,906,779,67,1
152562,214609,43034,29929,19773,15794,2326,4755,66,1
1236855,80645,18758,12471,15346,12236,4428,988,66,1
12953,19851,9659,6571,10345,6419,4221,2075,43,0
14648,9495,3256,16792,8238,7145,3024,2172,57,1
2794627,60229,26902,7380,6282,25245,5916,1840,74,1
36753,53951,12917,16224,7007,10370,1902,2361,75,1
22193,19017,4351,15941,9172,7479,2969,1225,75,1
126107,29445,8583,4558,615,1327,1023,668,56,1
71093,40592,11122,8249,5123,6165,4403,2681,44,0
105972,14609,3310,76714,7596,8379,6700,1768,38,0
68257,81231,6256,13405,13172,7789,2213,771,44,0
1641972,102614,119693,10771,43262,19667,3541,1384,43,0
327195,167512,20908,18657,41598,15741,7378,2640,43,0
270511,71925,2526,14761,10692,4207,1308,600,38,0
126159,99501,37035,15694,14488,18878,2244,3073,41,0
625525,61648,15301,36136,19692,12755,3525,2052,44,0
504660,77886,35530,32986,21109,41738,5948,2394,56,1
169902,31007,4521,3713,6606,8434,4435,735,70,1
90097,134440,52163,38049,36747,22576,3806,1633,69,1
106311,55506,13844,10994,2241,2375,694,420,57,1
88943,241553,85790,65574,9435,5122,6406,806,30,0
439085,200358,64116,25323,2990,8429,3356,2473,30,0
1429214,211221,125417,6722,9315,6635,2139,1243,11,0
41734,147860,37321,85134,13677,7785,2357,1711,1,0
110909,49721,77033,11622,21427,11907,6419,3015,10,0
95479,37814,1689,1009,865,3083,566,496,20,0
82896,10038,682,3167,1759,1172,738,557,34,0
72150,29027,2608,9362,6581,3005,1358,1287,40,0
297366,51499,30975,18813,24493,8650,2696,1613,37,0
268037,52617,1510,5778,6305,3279,581,1189,37,0
83393,49551,6777,8728,8163,2612,755,388,30,0
107612,40083,13074,28141,7347,4345,969,557,29,0
1311404,236363,44714,63964,33611,18664,5343,5507,24,0
652244,50039,12944,10995,5309,8659,5748,2869,30,0
598997,76065,10686,8502,7117,5084,1873,350,35,0
697918,194365,19144,35129,23105,20235,4729,2018,38,0
67664,92777,60567,7838,26719,5845,2617,787,35,0
653379,60292,46071,13628,16061,5232,1097,1053,27,0
188096,114230,26980,23537,34117,22294,6653,2847,37,0
171740,93869,25186,69952,30314,15784,3258,1892,38,0
696026,158186,9053,66586,31516,14094,2011,3724,41,0
206444,26242,6391,9252,18331,1877,1253,700,43,0
341847,9847,6060,2871,5492,7237,586,187,56,1
23373,62414,17864,15774,2597,3495,1455,300,43,0
240933,84633,17493,16161,27862,22325,2933,4175,40,0
464238,128546,35558,34146,81800,27926,4359,1230,57,1
781175,171930,28044,38827,26487,32174,5714,2640,64,1
91245,85514,45292,23271,18506,19581,3158,1255,61,1
309538,50278,16520,8622,3408,4940,2852,554,57,1
529998,585273,95091,8804,75856,23313,12677,3723,37,0
107875,11380,3515,14635,7271,1171,179,359,34,0
286840,94771,40247,2401,19775,9080,3089,3144,27,0
719891,37424,35897,12911,15361,7517,2201,748,29,0
1357599,224911,82255,57131,63431,39845,32252,6654,40,0
1582036,65910,62455,69026,75629,83564,5176,2045,63,1
97848,1062,7257,4071,693,1887,755,414,38,0
374968,142761,6982,7753,8918,6973,1460,722,43,0
380285,90131,18567,30731,6159,7209,3026,871,43,0
210655,12945,5024,5459,5781,2274,548,230,44,0
1466574,386506,49531,20055,36031,27596,6133,4038,38,0
1694894,175180,64142,16768,32290,14703,3224,1808,37,0
1197383,326249,83378,31634,65106,58541,28624,8048,57,1
392439,59808,71202,25544,48850,38360,21179,2287,70,1
46724,29018,7711,1714,11848,12169,1927,539,87,1
721102,23981,9199,42746,48506,24807,19281,1928,88,1
882902,20077,18498,37679,27669,17294,10970,5857,93,1
2015345,923311,121886,36964,51347,25372,10364,18044,69,1
807685,302998,203640,249943,256691,211618,57416,29393,67,1
909232,544636,97676,256025,587399,162622,46783,20391,67,1
424050,139479,67138,79981,54925,46013,61323,21231,67,1
258219,15122,2448,2445,2192,1172,373,215,67,1
1101879,45973,40394,32358,33080,34924,36207,27990,67,1
1180768,405572,170,14779,33161,30568,15013,11686,56,1
807143,42083,8944,6321,6225,3628,1436,822,66,1
1379670,185574,40222,15379,23201,32151,19224,3737,60,1
103511,18813,2102,5577,4107,2354,513,185,56,1
749549,46440,10948,33555,7551,11210,3208,1716,56,1
1049615,350040,89617,203553,96568,195414,69067,15638,63,1
1307762,54401,13007,6335,5439,2292,570,322,63,1
1090766,89332,9118,10455,7736,2913,1320,723,38,0
341674,80878,52556,29785,11690,11024,1131,2435,23,0
587098,118119,26543,75040,18531,16971,6498,786,30,0
1081523,259536,86310,81710,58689,23011,5798,1535,29,0
122983,2884,16231,25223,5775,4734,821,182,43,0
377216,31731,20803,16338,16417,6585,2451,1120,37,0
82810,2748,2826,3674,11036,6782,1642,75,61,1
17611,47829,32334,8077,21147,13852,3594,1403,70,1
131151,84730,26774,18622,12018,23205,7546,2343,43,0
42786,11147,21479,5411,5424,1241,1547,224,44,0
1786965,84145,35962,33474,33115,14763,5259,3426,40,0
1579150,291811,34981,78573,30945,14245,6884,3060,35,0
2502127,135704,80104,35583,151775,51939,11818,4245,38,0
36213,44032,4086,7192,11216,13227,519,633,57,1
421019,275929,70571,19955,14952,10484,7554,2716,35,0
99462,11574,2554,347,513,240,125,44,17,0
49612,12049,1787,3764,2474,1581,532,556,8,0
7516,12877,16302,7498,11586,4793,2369,2345,26,0
200810,33881,35482,13679,14841,7330,2909,1581,38,0
133460,63116,8640,5098,5791,2783,2787,335,44,0
22616,50962,42487,12443,23561,12067,5605,3752,43,0
61382,84978,38030,88086,48836,19242,12402,7971,56,1
881826,29758,21918,7006,19064,12616,6561,2279,63,1
235894,4965,7217,4925,9333,1453,764,748,56,1
76267,24613,4031,22288,29709,16531,6749,2980,70,1
33224,17030,27761,8982,22830,11032,4039,1502,78,1
771644,83390,104903,43755,10360,24846,5990,4084,70,1
511269,231729,36874,32840,16309,26002,6441,1681,70,1
501115,77771,53236,36767,71194,24844,4828,2211,63,1
196127,105249,6607,16554,36084,24462,5254,10992,61,1
299610,146134,33163,14657,66539,23880,5258,3698,63,1
322284,92686,10405,33792,68767,28535,4940,2458,70,1
336870,397902,56077,69334,89032,49970,15114,3619,67,1
146856,132388,54493,19059,31017,4928,930,431,37,0
1336661,357794,33666,90790,112808,49695,17507,7939,29,0
955454,27727,5458,12069,5670,2077,660,335,23,0
592515,89555,5478,1987,6523,4241,904,688,26,0
1209980,111123,79976,44084,50347,5461,948,541,26,0
844892,105267,29313,21862,15113,5707,3077,1090,30,0
367431,128475,17214,11062,13705,8528,2512,3508,24,0
312403,72730,4303,10046,13247,13970,6280,1343,37,0
109414,47947,29592,3040,4991,5704,2357,1134,41,0
1223381,28221,20530,10085,26173,20765,3005,2122,63,1
595791,145972,27887,23016,33664,8937,4945,2795,60,1
70818,11132,9505,3926,3335,1696,2519,908,38,0
296163,128610,63226,57560,25998,9638,1457,1600,37,0
547504,79060,17722,20298,5280,4306,6962,714,30,0
60053,125613,25604,15964,19942,9357,2243,2168,26,0
3616795,82575,9304,42764,18862,12247,8004,2050,27,0
132110,6456,11334,6145,1552,4988,3413,1521,44,0
673644,100354,22685,7913,18768,26335,5819,2966,60,1
432908,292881,23324,14389,23767,24534,13524,4349,61,1
18296,79507,55597,20075,16348,13970,6170,1761,63,1
1114650,109536,60682,29366,14575,28000,2480,2209,56,1
971117,154396,39295,21549,35966,36024,7006,7544,61,1
255588,195318,47176,17747,25448,17420,4497,3248,43,0
109971,130830,22803,21988,12896,10668,3213,1344,34,0
255002,181896,21642,58917,25414,18361,10546,1624,37,0
104424,22710,18995,17772,7485,7669,1757,572,43,0
2593019,141094,30998,49109,34680,37037,29984,5346,57,1
387005,38238,15813,43644,26888,25984,12664,1578,69,1
2167831,155034,139521,148389,58562,47870,11467,5183,70,1
195780,56691,6211,20314,39469,8511,3551,1744,66,1
290079,42297,15563,7910,5906,14841,5970,2217,70,1
1241659,162449,24349,11988,26381,17702,9488,1977,61,1
3976858,388732,46230,93711,32710,102390,29043,6965,66,1
131938,28847,4302,11206,18017,7135,2390,761,69,1
1134494,35758,10010,34234,15295,6689,1314,565,61,1
243624,487796,25436,39651,39548,8528,5692,2284,30,0
169099,157069,2639,18073,7857,9586,2074,2073,21,0
569284,121478,51515,22716,20737,11369,4699,2276,17,0
26107,25153,4988,1906,1840,1684,1107,544,20,0
438117,39637,35189,8975,31059,8922,3309,2019,38,0
1288346,182536,38232,55318,11477,12673,12739,2330,37,0
806877,29900,14748,6814,22394,12602,5200,2877,63,1
870612,23074,57491,12735,1651,16346,15603,3823,67,1
157271,91900,150054,27202,33288,52149,14217,3668,81,1
234405,3891,2392,2316,2107,2506,523,235,83,1
194496,57580,48634,17550,28202,18447,3945,4595,78,1
1017461,47299,30472,33060,56994,9005,4098,3642,70,1
73705,44423,3736,19062,9806,11146,5381,1825,69,1
10437,21992,11066,5484,20543,15232,4744,2261,74,1
1443321,91810,56453,16016,28037,18001,3622,2172,69,1
165996,29062,8182,5120,4805,1536,1068,295,61,1
84297,51884,10494,10672,3065,1855,1023,1648,44,0
1112611,169831,67848,15119,28190,14555,9486,3748,26,0
641578,126710,23388,23162,18002,10788,4734,2974,21,0
232415,9599,15715,15835,9420,4871,2864,1592,34,0
412465,84418,28578,23924,26397,6342,9565,4276,38,0
1054835,83478,137879,37673,21045,6207,14048,3557,29,0
105733,19390,10086,2148,4851,3874,1932,1067,37,0
221700,20641,3638,5411,14592,3285,2390,851,35,0
177935,20079,25108,7470,11310,4392,2120,1811,41,0
689661,143944,23806,68471,29940,136812,11106,3875,69,1
1102512,137235,23770,59042,16060,47621,9300,3590,77,1
94057,13845,12301,2629,2849,7985,1815,762,87,1
1978818,165447,47477,7494,76683,27284,20407,15294,90,1
378289,328088,11096,21626,32197,42055,12122,5625,75,1
1116793,522701,44157,6029,74550,31668,17096,9574,61,1
1360338,85990,40194,63362,135045,35379,20570,7467,57,1
718724,8894,16091,3853,9573,2846,1193,401,56,1
1442302,42006,75711,27323,86254,30794,14325,2421,64,1
947635,130122,7683,36721,58222,67328,13292,11523,70,1
515014,27498,34506,14469,7641,6729,7738,1343,70,1
1547305,149436,106537,62189,65074,35299,10604,5258,77,1
90684,21793,1663,7745,4114,1254,972,296,57,1
139352,9096,321,2172,1694,966,178,184,43,0
216236,2830,3116,1483,1634,2088,620,580,56,1
340170,14419,1099,5018,2192,1874,2178,385,64,1
1084517,70417,15647,38249,25966,12326,3669,1815,64,1
344064,59067,12251,27325,52711,16454,11151,1769,67,1
96778,21779,1458,1804,8485,1734,606,249,43,0
72738,19853,301,8236,9788,11121,2798,1092,64,1
596680,77209,21231,4403,4366,4996,1264,1043,57,1
559052,39232,27739,34356,19164,12471,11162,4304,64,1
240692,19128,4659,14214,13173,2283,1683,2524,56,1
800340,197823,70135,55711,43834,8877,8398,7589,30,0
2460120,249653,34824,60045,47337,21558,8051,2821,35,0
499766,132375,37006,36060,16811,22234,5581,1345,34,0
542040,59745,5925,18477,7919,7911,5408,2372,38,0
924068,66961,13277,23116,22705,22777,18307,4556,67,1
797098,100236,47638,30365,58780,16562,15540,6157,67,1
1167286,218348,30152,47679,15530,22504,19117,3044,64,1
1420254,112265,35425,18201,48316,21786,25577,12068,61,1
442167,67993,31674,16844,41958,18292,17480,8815,61,1
108335,11749,12396,7738,8792,9673,3057,1613,69,1
234466,98399,23329,15920,18709,24063,8486,3542,74,1
1281036,123351,13350,10615,25353,13509,5961,2185,74,1
247882,192576,183047,40765,39342,40115,48351,12441,67,1
835507,174842,13879,50765,68077,24206,9870,2309,57,1
284398,323857,16494,9421,12609,11869,15100,12948,43,0
167146,44556,35746,7522,26454,8538,2972,3862,43,0
163270,19260,5589,20136,19860,15632,7149,4108,56,1
1797116,124055,104529,36882,62219,53237,27776,4816,63,1
71731,8073,11333,8714,2240,1735,934,522,67,1
803135,110719,3982,28980,14540,8371,2090,2058,63,1
90591,71281,44693,23061,5980,6505,10867,1978,34,0
68164,57741,22370,15891,25545,10323,2790,3988,40,0
177569,315353,5297,48283,46008,8841,9291,3290,29,0
1844909,310033,45368,17718,15843,13329,12646,6398,24,0
404841,68668,33562,21554,26195,20665,6261,5178,37,0
180518,149557,11275,13124,44499,18001,2940,2393,37,0
70661,51367,12026,2588,3040,1971,718,376,38,0
1289185,39198,14654,16380,15786,4515,2898,1799,43,0
76620,30082,7477,20116,4072,1796,615,168,26,0
216699,84600,30942,8124,4210,11450,6864,3164,24,0
1599164,217139,15889,49636,25633,18493,7661,2115,34,0
372040,54102,15967,18342,43520,8969,4433,5261,38,0
29563,15973,23297,2214,5553,1425,643,342,37,0
60425,25042,6597,10811,7779,6380,2799,1657,41,0
91949,98042,32533,37352,16402,18387,7799,5423,44,0
314254,64045,22892,15822,12087,17118,6305,2794,70,1
474887,147938,14190,14447,13014,34552,8346,1747,75,1
229777,44289,64077,5637,15837,32129,2320,3814,84,1
2246108,438721,36267,151855,132129,37710,13782,2316,74,1
1405131,113359,62176,36920,27285,18843,10068,4071,66,1
1450519,33818,21804,27736,23368,23886,3824,1709,69,1
44898,150245,25390,19859,14234,8695,5365,6753,44,0
61617,35392,4082,6421,4381,4742,712,286,35,0
215562,80697,3345,26524,28184,17165,5872,1988,44,0
531855,264810,59019,63778,43738,9963,5198,4684,40,0
1266063,322206,150661,22671,68276,23219,10620,4686,37,0
787802,58380,15037,28503,5893,27209,12529,3249,61,1
856033,101609,44408,13975,35721,32780,9963,6308,67,1
1072026,298167,29715,46306,38002,38976,45481,4637,66,1
134667,48288,9130,8982,11124,12988,10248,1860,63,1
1959922,83306,25302,21339,11202,19442,13096,7835,70,1
597815,48372,3991,12519,11312,8524,1649,2045,70,1
642963,14527,5473,5732,2814,3879,2002,641,67,1
2216606,309886,16000,55431,166483,92608,23524,5474,77,1
1603094,818294,43593,248410,99682,84752,41354,12838,77,1
2394765,179423,21126,69696,31629,117054,33996,3727,84,1
691170,491944,69176,54619,48982,45143,32513,30078,78,1
306517,72412,15845,9161,11364,13544,8741,1073,78,1
493914,223396,16576,52230,56415,18603,5446,949,64,1
878163,21622,11604,2565,4674,10598,1518,2374,61,1
733355,61150,28399,29415,63336,47168,21855,10033,78,1
1851931,309025,69201,17982,73599,30083,21582,7226,70,1
831214,205373,99507,23592,14573,26292,6628,1759,70,1
733768,112450,31360,15438,21600,20001,12176,14744,63,1
1920658,297166,178767,46120,86035,95335,36554,21553,56,1
458689,31376,9380,16397,7922,5282,5289,1919,57,1
902161,104880,42218,51697,54053,21368,12653,5869,56,1
3153170,1246912,22101,65110,70710,73073,23984,19491,40,0
73316,14989,10421,5205,7662,6143,8648,2149,60,1
223918,36238,2788,11357,8647,2454,4067,543,60,1
683847,196878,25976,16122,17730,4860,5212,625,41,0
1478354,117137,12501,123275,59073,19991,5167,1632,35,0
112400,10950,8530,6943,12633,3618,736,605,34,0
62523,5267,7080,5223,2487,2099,408,195,41,0
63019,48552,9276,7287,11784,5835,1150,414,56,1
193316,117199,9870,50343,24692,15514,9045,1814,57,1
161207,25405,18437,26688,28300,19981,1518,490,64,1
317504,6934,15054,9501,6476,2226,744,546,57,1
243532,20569,2845,9322,2722,3450,870,1138,60,1
50259,34941,74169,12124,42507,10281,3618,1671,60,1
49800,21162,7481,10785,22045,14745,2276,2510,64,1
650248,22909,24412,9525,5382,4268,1525,1082,63,1
242002,35733,11699,10177,4593,6804,1997,737,67,1
1816356,177014,41594,20235,27989,17848,4759,5931,63,1
302641,202896,51348,49046,6836,16790,3478,2447,44,0
241565,185030,26927,73666,19533,10075,4060,2430,41,0
757607,129524,8330,20266,21076,8599,5727,578,35,0
454870,133047,9066,46018,22195,7027,3217,2381,26,0
179739,19164,3833,7406,5389,2313,926,905,26,0
216328,88572,17406,6649,11614,8350,10065,4170,35,0
998493,96382,24873,81551,18201,8549,4130,2168,34,0
2517128,244879,41216,30791,56769,6169,5557,1860,26,0
379833,48545,5794,7263,7564,3963,453,448,24,0
450849,22766,9461,19384,10187,3342,1843,1256,23,0
152588,75259,17673,16553,32853,13894,13424,3136,34,0
275849,20893,7440,10469,1646,2278,753,488,43,0
147886,8989,18594,7702,5053,1711,547,882,40,0
196094,32549,16778,15533,6203,2589,2613,1144,35,0
97969,26449,7293,13666,13707,7552,3792,1380,38,0
66953,23151,7145,5155,4821,3147,513,281,41,0
1777889,130946,6804,18355,9399,5633,1663,623,40,0
392018,70534,16888,6498,5224,3597,665,1529,40,0
737276,34100,21592,17840,15019,5261,680,315,30,0
866969,65747,12111,8501,7357,3846,2812,965,26,0
97980,56157,6610,46173,17988,7032,2471,2399,30,0
47116,15211,3851,4223,3067,597,379,60,41,0
524228,201079,65570,23602,32482,33741,4345,3155,43,0
184633,197695,89713,25961,28369,21844,3644,1434,43,0
833561,61955,51704,22151,28243,8535,2897,3182,41,0
620229,144722,16291,9635,21089,6094,2278,2025,40,0
68867,21072,17275,4096,5618,3884,797,358,44,0
195824,346554,42596,22379,38942,22330,2821,2603,40,0
168023,52222,11052,10771,8631,5065,4548,2941,44,0
112502,58327,23985,7530,11418,11889,3364,1355,44,0
482800,87097,27897,35700,52634,14897,6562,2771,44,0
122834,28143,4070,3130,1988,1589,540,233,43,0
407870,402707,14815,31930,26700,6568,6079,533,26,0
129199,35677,4805,11047,2892,3495,739,182,23,0
298521,31131,4896,1749,2249,2048,912,596,17,0
784122,370342,114836,32857,37828,21184,5215,1613,17,0
125349,45278,112592,16161,51887,14058,9345,2673,35,0
1590409,107133,32132,142579,161447,157763,15854,4190,35,0
67440,57898,13428,7512,9648,5966,1531,1281,35,0
515128,96578,5481,7656,7043,4214,1122,554,30,0
369027,45833,27311,49678,50853,10306,3906,2368,40,0
404268,131516,38935,23770,22809,22380,7056,2300,43,0
189317,139011,22186,49578,20425,11144,2595,4330,40,0
54020,124034,28388,49911,11602,4381,4688,1400,34,0
652886,107263,30717,23298,29073,20172,4698,2039,37,0
1139906,190960,10882,13806,6305,7826,4459,1837,26,0
1350231,324487,11389,20215,29427,40272,13245,3373,66,1
144622,96643,62078,24587,11264,12254,5105,2472,57,1
497788,85138,108172,56929,45208,22377,3611,4486,64,1
454065,35650,9027,2615,8463,1296,717,278,37,0
251348,56717,9872,59917,13014,11415,3726,1748,40,0
361954,115597,36040,18613,9121,11889,3826,2383,38,0
23523,48781,10733,9014,10089,18903,4834,2077,43,0
1146371,359474,117848,12318,51497,12940,11235,3542,44,0
375849,187035,8806,27045,9408,8572,11993,2222,26,0
471325,43769,64732,9657,23250,13138,2988,3090,27,0
490347,204552,38725,20828,19776,6474,3599,1255,14,0
59682,63742,7679,55637,5256,15696,4496,1079,29,0
144427,160071,7304,33946,23704,12755,6603,1962,34,0
371183,364209,64894,56334,21028,17086,8442,3403,24,0
1021699,82551,16464,7787,12495,5063,1509,967,29,0
959313,320466,59404,16417,62338,22268,5599,3493,23,0
357994,126995,10789,14081,23839,5441,3854,3079,16,0
98022,76576,40747,58175,16763,7354,3296,2285,17,0
2221057,153684,130501,64443,23891,13863,11303,12183,17,0
74902,76213,25908,30291,33017,13418,7920,2914,23,0
1272090,136914,66104,15668,43843,9860,5256,1503,26,0
41652,52083,11597,24395,18069,11041,4423,1022,35,0
182911,27457,6919,10295,6138,2585,967,226,40,0
284292,78988,2806,26185,48431,13209,8023,1113,41,0
159739,73980,1891,28132,40339,4817,2975,408,43,0
691860,195335,82900,68242,17365,26976,4584,1888,41,0
271707,10918,4032,2272,1588,625,243,171,41,0
508319,96594,105460,90249,29202,26400,2100,3032,40,0
188198,132635,5138,18164,15882,7472,4810,2530,34,0
117415,107664,29847,59781,19196,9751,2048,3601,34,0
833992,23311,23845,9487,29773,3427,1752,1241,30,0
1901263,446413,93821,490112,520599,104840,34609,11588,30,0
921424,507280,60772,43452,21856,38951,8549,3208,30,0
664771,375694,174297,52000,37783,56739,30861,3409,37,0
207639,38151,1088,6205,13630,3905,1117,410,37,0
2118199,370214,22131,20066,19153,21895,2994,2449,38,0
1270222,181188,51660,40225,11384,18258,10120,2618,38,0
223018,244806,38154,13571,22952,18051,9983,2393,34,0
633149,429722,112060,103923,28000,38040,29488,14308,29,0
1185488,62208,14215,16291,17763,13957,9686,3770,60,1
205501,11767,12073,10386,10021,8051,3958,1656,74,1
274529,183692,79248,153210,138470,76922,14786,3850,66,1
666623,31273,4968,5771,6509,3087,681,878,64,1
1891397,115970,77416,32074,67773,27261,10078,2945,63,1
210946,98058,37714,17877,19778,17597,17935,3099,56,1
2034138,18463,29691,9271,10452,8366,4045,1712,56,1
604731,23419,4209,1656,4742,6839,3321,926,61,1
941408,821345,119999,159609,68005,186100,155759,17140,64,1
170391,39347,24283,21980,15873,16070,2904,2463,67,1
675280,153991,19280,20564,27764,27907,5680,5366,70,1
805228,114212,18223,42076,11667,14356,3567,1145,63,1
54349,26252,33439,2385,12215,4534,671,669,44,0
751610,171203,49255,20128,4673,13655,5468,3111,44,0
1256546,72192,84703,7416,20138,10593,4658,1228,35,0
844286,59371,3017,28076,14819,17525,11217,3481,43,0
720373,186177,38201,21022,22381,13617,7678,2493,41,0
263600,21451,6248,15337,24316,14513,13396,6965,61,1
1336398,1506991,270343,102171,122908,189838,148004,28066,66,1
287702,11617,471,6094,4116,2656,1938,302,69,1
185134,252165,58273,68770,66417,92481,38402,10631,75,1
322075,52838,22348,6901,4714,4414,2764,1554,56,1
164674,21234,999,2000,7527,4580,9402,2122,63,1
2553939,224016,14546,69016,63166,101240,119246,17389,70,1
973623,85628,17676,7310,32628,10295,6860,3816,61,1
1108227,442915,64635,74815,27873,149246,62595,7785,78,1
632834,54258,25037,15546,12732,4705,44943,16560,64,1
193442,69085,51663,5813,13518,30052,5432,2416,61,1
129358,16692,3136,5877,5680,1264,1353,410,63,1
61446,46138,31893,10958,5309,14398,2510,1884,57,1
166357,127890,30353,28748,75889,27611,8415,2711,61,1
1064709,160903,109874,23975,8107,57117,3262,2061,60,1
1062403,573985,99154,79865,42806,74411,173787,22713,66,1
131810,34234,7456,10407,47501,12342,3920,2909,69,1
352836,221564,33057,35379,50102,69603,4242,1509,75,1
789006,53656,11544,9078,17377,16161,2492,2081,77,1
1149543,175404,62737,38640,17127,38847,38358,14840,78,1
841368,131641,53708,76022,70332,72179,27661,28782,80,1
539460,12444,5377,6199,3077,9737,4476,1003,84,1
63370,190872,4067,29519,14595,23065,9554,2731,78,1
123511,25204,3203,11143,42907,3913,2918,439,75,1
1267200,27851,15858,11574,15334,14828,6746,5473,75,1
234937,26591,4158,12725,6339,2854,807,508,57,1
25036,6149,6550,11045,14125,3277,3585,1517,60,1
1203206,73165,90526,31444,21560,13245,2106,999,38,0
1709156,1104053,28010,69121,55082,81741,24661,47064,38,0
617601,491392,260739,192787,85310,82027,20748,13663,34,0
1849611,492061,31627,46931,60726,44724,12026,3166,38,0
1241851,344634,13138,36115,47019,11803,28090,6283,29,0
2216047,1892843,76557,99510,123029,201248,188678,53576,35,0
1965808,159321,102990,19694,55386,67513,17460,9839,44,0
1324919,61710,16369,13243,9502,4744,1418,512,41,0
195361,61502,446,16920,17957,18436,8054,1305,61,1
37711,25052,3733,2972,2534,9038,1986,3439,70,1
28798,11704,7785,373,3798,2175,472,63,57,1
618609,94889,15107,50522,133219,66848,15722,12774,63,1
784350,305424,51643,7879,74195,59904,38231,6338,67,1
1897403,649723,24808,395451,219157,432015,152670,45487,80,1
1604968,264127,61223,221796,61476,164777,73420,20807,66,1
717873,68175,68386,78101,67876,27969,17455,4152,64,1
1667667,435776,64094,81559,121811,231420,17152,18909,77,1
1056548,31978,82056,41061,48985,28179,36161,12263,70,1
738105,258463,170351,190479,100178,90987,35969,15985,74,1
2236480,274230,44030,89871,42101,81990,30288,42967,81,1
397571,898753,37995,38517,21542,79523,37619,12182,64,1
174516,9981,7925,17478,13897,5896,2075,420,64,1
129467,19744,15495,10160,6784,8277,2513,941,66,1
73719,14275,9248,3719,615,2121,544,811,57,1
769001,360372,32884,26153,47062,39808,20953,5719,60,1
1613677,794783,64757,117868,70440,27961,46152,13762,30,0
554034,204169,48206,51869,37197,35441,42867,45131,35,0
300662,67187,18215,4396,20298,9911,3537,1551,56,1
195736,76337,37437,6196,11041,20960,13000,853,75,1
550140,124963,46736,7861,22165,35290,20665,11922,80,1
1967804,187303,68154,81579,98058,128881,67263,13578,78,1
713676,55619,15276,5561,6026,1903,1481,832,63,1
2756211,581224,84523,299524,139182,231777,72793,61451,63,1
219686,32870,10011,13212,4086,12032,7182,1833,61,1
1433678,172132,45026,17612,21963,28009,11741,11732,63,1
1238937,516077,161271,160306,68000,117818,57508,15718,64,1
416005,113825,11685,3934,7539,5019,4193,2754,43,0
2034370,297232,27542,5499,16927,9850,9292,1916,29,0
769898,106326,164221,82209,48414,10169,7389,1456,17,0
1095748,478730,28699,18455,60237,12915,5652,5359,13,0
63023,7298,12397,4404,10665,4144,2588,1177,30,0
1096366,288627,100765,62576,101477,15983,18791,4579,21,0
175348,46173,2569,13551,12071,5977,2609,1428,30,0
2126508,325615,122668,70632,51862,41564,6820,8081,56,1
207239,72919,12171,10999,7236,5027,636,581,41,0
624623,31789,46753,98151,31872,23437,6410,5579,60,1
152902,10191,4353,6991,15849,21710,4571,1988,77,1
489195,691895,218438,21939,246899,69100,31226,10712,61,1
317079,75546,21149,13097,18074,9446,4604,2046,35,0
107304,4126,2352,1510,867,1841,2186,614,44,0
522255,475225,94527,29879,95459,53417,13259,8892,57,1
216439,133183,43301,9696,22692,18102,2134,2094,44,0
24912,18792,4656,1331,2952,1782,2383,369,43,0
1276434,60578,9290,48758,20079,3667,3339,2854,34,0
65262,67373,36703,42374,23969,4356,2030,3170,21,0
107267,56031,22634,11905,4322,6112,6227,2027,17,0
65730,11977,5158,9565,9046,1775,1211,615,16,0
40008,68299,22459,2196,3293,4253,1592,1119,20,0
574046,180052,217529,44385,52899,25733,7077,2831,26,0
73546,177328,65651,8871,9067,76063,9424,32058,40,0
95983,25324,2995,1093,1979,1638,1243,1213,38,0
40344,38807,27058,27873,35682,29395,5938,6133,56,1
340267,75405,6999,21371,8216,5435,11744,4167,56,1
289597,97198,12238,13319,17557,5502,4168,1996,44,0
425539,95454,71165,10005,33310,10435,3576,1238,29,0
277373,133081,19449,39381,22410,21381,8633,2424,37,0
25397,4999,1227,822,1591,1058,1423,116,40,0
353656,190087,69095,32779,23798,35520,22877,20352,60,1
324398,245692,37192,36896,75169,34167,7246,9705,60,1
384115,25250,14012,7097,4112,2492,1607,583,37,0
40802,13933,4413,4103,8527,3816,2983,1654,40,0
1648131,674741,73178,57846,37755,71276,25260,7944,37,0
1442194,160270,102220,61449,46056,161735,14937,11472,70,1
887834,907209,236522,113547,152855,70466,5653,3051,61,1
331793,140496,4524,13911,10274,9346,7860,3141,27,0
1228488,125990,13551,11724,8586,8813,14560,2548,27,0
44264,5462,1605,1793,2684,1305,1306,314,41,0
1096428,27512,4792,8579,4040,5072,7054,3584,43,0
348157,22298,12658,3794,14639,6332,9325,1905,64,1
140074,241872,46825,36304,19916,28277,31151,17258,60,1
1514243,95216,29776,3625,26354,4970,9878,3106,30,0
138828,34036,14512,17962,15128,9123,3660,1974,29,0
730858,130523,47422,22066,11250,8280,2978,1613,23,0
701026,31844,8152,8424,22874,11842,8232,3495,40,0
518465,62545,10253,18417,31147,16266,11674,3799,60,1
622765,88385,6825,21059,23871,31110,6696,10461,61,1
1387019,38796,18403,3486,7268,14308,5489,4033,67,1
80534,78386,2637,8417,7895,6892,6214,2712,66,1
156872,97230,32516,10463,30540,11384,3980,2243,60,1
1261100,115705,27078,8753,9352,3831,1335,870,29,0
246070,21780,16212,10449,2260,7163,7127,644,35,0
2394888,461592,139641,8765,41981,34626,23288,3031,30,0
181744,422951,65787,24272,23371,5976,5097,18440,11,0
99453,260610,23841,24178,40346,22688,2474,1724,21,0
346543,28411,12749,5559,3016,6570,3461,1454,21,0
101465,57317,13632,3999,3279,5073,1034,463,21,0
158924,53746,3870,5298,6079,2568,1599,840,34,0
110400,38552,6839,4333,1360,1211,709,418,40,0
1163677,112598,10032,11054,20223,3832,2309,1014,34,0
491200,98888,7597,25273,29643,8574,3310,908,41,0
289327,51953,6094,15455,7575,8629,1616,848,40,0
288962,99056,7198,45956,23725,46523,8034,2465,41,0
131943,7366,5108,2963,3211,1036,181,242,40,0
340197,25825,6735,6492,2273,5239,2203,952,34,0
111931,46749,45425,17449,13003,7779,16046,5772,35,0
368404,29608,16653,5002,8612,5657,2734,3008,44,0
83108,17782,23226,24071,21174,19947,22791,6931,60,1
683239,26955,13966,2138,2084,13028,5399,2122,69,1
363759,130006,7405,21687,18184,10989,14984,6448,63,1
521631,118107,59500,33649,26827,17951,23393,6293,63,1
230194,106899,6343,8949,3558,5871,4245,4864,44,0
60860,21562,17821,5865,1102,3640,4856,427,34,0
632647,435866,144814,17892,44228,55956,38455,23625,37,0
2911444,477137,206113,146488,225530,97305,30278,14125,38,0
228826,57008,29014,13458,3589,21956,15016,4032,63,1
1162680,82493,49440,35870,38119,39636,18879,8873,74,1
326763,48750,13311,29220,28849,10802,47244,4871,74,1
122778,59882,16161,11027,15533,9044,10514,11677,63,1
649159,108622,11825,9973,3636,3174,2978,1410,43,0
746511,71152,34932,45995,6313,27930,5016,983,40,0
39491,9385,12319,3652,8555,4881,590,548,44,0
232814,89771,18405,56447,16697,15499,5009,1592,44,0
644613,18079,9357,3907,6096,4216,686,326,63,1
1194941,161757,19400,29843,40115,66316,8538,3718,64,1
350620,8286,20656,10442,10680,23192,31748,1373,78,1
814015,950833,253567,264088,94564,153543,42702,52393,78,1
916383,524075,799773,291964,221815,858049,166446,42790,91,1
272387,8679,4838,7161,7006,4314,1163,970,91,1
869760,11412,4633,4531,11806,6307,16667,1411,90,1
2085294,789749,189730,204681,248957,124997,61797,54262,74,1
270091,181406,8731,13918,20576,25929,9847,2899,75,1
725088,111705,63448,24755,83040,89509,17154,2306,74,1
81474,20575,40740,40727,26388,15763,11708,7124,66,1
325430,57548,14451,17246,9121,3899,5735,2662,60,1
1124225,60024,10703,26265,23689,14755,46173,27787,61,1
318724,292279,37840,7497,55799,15004,18747,2552,34,0
992973,373250,167322,453627,276351,88335,15911,8644,38,0
682427,116454,57767,37964,49900,50770,16522,3704,43,0
547987,95040,19355,35881,20796,8045,5357,2450,40,0
419930,91837,14250,18618,18387,7551,2556,672,44,0
666974,1589096,200344,149554,201736,235607,55868,20288,38,0
215716,9992,3153,2041,1520,1291,1129,996,43,0
606058,199072,7984,17962,23546,16251,13698,7379,40,0
776171,276461,22839,95468,69494,41455,14369,4194,44,0
1622365,332786,47337,55728,111991,56079,61245,45498,56,1
1078639,204907,13772,20326,41452,16641,19865,2103,56,1
146180,135118,48944,31210,25202,7897,2671,369,41,0
291378,126946,30680,15882,5928,12885,5371,3428,41,0
1205329,75893,22051,15560,13600,13867,4039,2871,37,0
134821,57248,2663,64699,14017,7130,3683,908,40,0
102853,77062,60648,14800,20295,9760,4720,2118,38,0
29838,41904,11391,8767,10117,5033,4523,1332,35,0
1178156,75694,32834,14407,8647,5075,7045,5534,24,0
249816,118645,26608,16558,15337,10434,3637,4147,26,0
65858,36637,13764,1785,3564,6491,1153,560,34,0
166366,31938,7276,10519,13627,5147,3271,2629,37,0
1042628,157045,17732,71627,22214,14889,9852,1271,40,0
2412163,102108,94386,14878,43903,14178,17370,10524,43,0
713341,362672,111799,36009,18457,12078,2161,1157,29,0
824749,79974,29334,42307,16463,12563,1624,3572,34,0
209377,28188,6164,7592,1931,2740,745,956,23,0
56915,37876,18445,46470,18881,19446,13889,3597,34,0
699953,130186,101715,8623,45618,67784,36763,38931,56,1
485993,67206,6971,8595,5478,21915,9027,1575,66,1
1423776,254425,5123,61008,18389,20865,8311,3641,67,1
36683,94156,14020,44371,18699,14494,5729,3851,44,0
745361,23499,22152,13602,4124,14495,9932,7474,44,0
70670,79497,43527,51239,15980,7959,3467,2512,44,0
968910,240315,46296,37868,38150,27384,4615,2275,35,0
1117198,78612,9127,20868,10639,4027,2164,2304,24,0
196508,26308,6189,7172,2466,2822,890,338,26,0
433725,243495,37866,137348,227543,78203,48799,5135,67,1
381806,32062,15297,30130,28011,20158,7913,2371,78,1
777757,73747,62593,9833,39074,10738,8644,4314,61,1
1499053,51284,7621,16007,7036,18856,6926,599,56,1
182426,29347,25052,10751,15972,8386,1565,440,57,1
227314,294139,27474,43024,8058,9301,5128,2431,35,0
521955,44109,33798,41051,31971,14768,5291,1617,40,0
804769,328981,94089,68933,54134,39433,23502,3855,38,0
203090,79034,58254,14895,11287,14038,1367,1222,34,0
32576,7611,5246,10643,7146,6665,1455,452,63,1
63174,99070,24014,48058,11910,34325,7011,4773,70,1
1319707,383621,63141,7326,52814,38144,16191,3350,70,1
390203,325825,49859,21239,17938,20052,11062,3174,56,1
35185,17972,13948,4840,2732,2331,779,640,43,0
991782,49904,49850,15286,19392,8942,5502,2884,41,0
65144,38514,11593,5430,1664,3067,4736,1062,41,0
199560,47066,9748,46383,6175,9130,1545,1261,34,0
911954,270063,64429,47231,9401,9940,2055,1246,24,0
47566,228621,14255,24234,18834,9263,3826,4581,17,0
557769,275115,59794,32243,40158,14858,21061,10425,14,0
1511884,147609,39243,30148,47013,20377,4750,2884,14,0
1118913,982991,614838,105823,190091,106725,33041,13572,23,0
1005995,9798,5364,5146,4255,1980,970,316,23,0
41852,223500,25602,18356,35363,19450,2244,2324,29,0
625847,122077,10770,8277,15673,9107,3847,3742,35,0
1791422,22600,10755,3888,9547,5450,1293,533,38,0
1262182,366050,65094,219709,413195,41686,19798,5426,38,0
1401405,139618,37386,30168,8321,11262,3521,2088,35,0
226312,19158,6377,2898,22077,4925,1019,600,44,0
96537,21312,13443,627,1314,3348,1248,577,41,0
567296,136718,14600,15722,36716,14842,3994,1639,56,1
144753,26267,13409,15106,10728,24767,2623,940,64,1
263317,15816,4702,5416,11810,7489,2176,320,77,1
72330,13557,8647,7714,8344,5424,501,153,75,1
163864,118579,47493,33657,36458,33921,7892,5718,81,1
90667,146575,43450,28313,54454,36860,2469,1729,70,1
40736,117050,19246,28412,22506,13127,8766,2234,57,1
228789,23001,16836,15823,11345,6927,2022,1015,44,0
989659,135435,22975,18106,25834,41246,15670,10597,56,1
1743442,990408,133169,164014,192632,107921,33343,15909,56,1
34336,20165,12902,7378,8136,2900,267,453,43,0
232588,24886,4138,2923,1991,2459,970,342,41,0
65367,31474,815,6477,8132,2076,485,607,37,0
470306,19026,11394,2741,4305,3564,1057,459,37,0
339783,58648,38618,18788,13930,4850,5744,1495,29,0
120807,46916,2431,7054,14245,4224,3914,1346,30,0
414962,294330,89003,47131,39244,16462,2477,2219,27,0
99568,68250,8814,11909,1421,1644,499,828,11,0
201021,55343,23130,43710,14951,6170,1795,1512,14,0
232242,77795,6666,24117,6641,6423,3076,2596,11,0
53820,85737,34206,11350,16842,4457,4083,1673,10,0
55145,25299,15826,4564,4527,5481,2072,620,26,0
1588041,433525,81314,32816,74048,23914,13309,7951,23,0
494404,295162,66136,34205,5938,15836,2493,624,20,0
1263002,349673,20699,42290,42927,32407,8127,3409,27,0
658953,80768,3641,5986,21439,11619,2726,1250,29,0
1489479,300068,107535,38031,57679,43254,11325,7652,38,0
827170,189448,23717,23907,13715,31305,8490,3633,44,0
615240,34222,9363,13975,38310,8730,2752,732,57,1
468530,16533,4581,2840,4226,10841,1191,371,67,1
593833,14981,2550,7970,16177,6839,1511,201,75,1
832998,24274,8048,2741,4209,2334,932,661,69,1
196662,64813,15650,14702,11971,33945,5281,433,78,1
611035,62069,12125,42496,47540,37096,10569,2467,77,1
256299,9159,4124,3116,1869,4043,705,218,77,1
219977,64808,9531,32209,33956,15311,7215,1392,69,1
114158,26708,13340,6215,4827,2208,738,780,66,1
229861,53175,19946,19145,15593,14734,1793,4718,57,1
322502,85105,46942,20915,21302,7924,3460,791,41,0
144331,159163,6413,19249,9354,5183,6232,2283,23,0
262338,201836,33819,27933,47048,42582,6940,3277,34,0
944299,97171,31742,24075,18530,16105,8132,2352,38,0
309228,207015,6988,5794,14191,17691,5881,3313,38,0
94819,137221,2270,13390,6490,7657,4573,1742,41,0
198839,36391,30066,11648,14787,5472,1362,229,35,0
298575,91290,18069,10260,33802,13108,1217,372,35,0
95566,85432,19152,5796,7717,9385,1217,1559,37,0
809365,87179,49888,5125,18266,6335,7166,2343,35,0
150050,47214,15215,4900,14655,8459,665,922,40,0
503484,131082,10012,2402,5730,6572,1085,250,44,0
1533438,222262,154707,346864,111996,144742,34191,4032,57,1
1220612,481905,272353,104374,368837,208252,34326,21996,63,1
831648,352481,36177,10028,17938,15357,13403,1211,43,0
847709,74218,14777,14225,5818,17511,1790,682,56,1
250842,39799,16726,12655,5298,3795,849,326,41,0
430976,128753,71893,9934,102536,22290,34910,21285,38,0
41757,2040,1892,450,1391,1050,243,68,38,0
1615804,229462,75392,120337,136765,191450,36885,7158,57,1
314356,81926,20583,2210,20605,18250,4169,2038,61,1
2007621,348926,86637,50233,42022,32824,38259,13644,63,1
1737923,165935,45170,23195,82596,42163,59432,8299,67,1
158171,17559,3407,3509,9159,9989,2812,2203,66,1
2050764,55364,23408,19324,15941,21564,6050,5882,75,1
1251024,272971,57044,92285,47255,82550,12143,2946,84,1
30275,13785,4285,2910,2178,4342,1023,122,81,1
74921,15001,12183,35751,52005,39158,3674,725,81,1
2207937,356497,69728,35168,55284,17137,15013,3542,57,1
728147,172928,46433,129158,33343,107082,17502,1800,61,1
1813657,141540,13762,64873,85432,61912,22461,5415,61,1
263390,26554,5511,11336,18284,18683,1835,587,69,1
1220104,97830,45002,105179,115335,73314,12337,2497,74,1
293740,274794,84631,29807,81863,33882,29116,10073,61,1
1202827,144579,41600,159014,340508,122784,28277,11049,60,1
274416,23389,13826,28881,18323,17094,1718,294,77,1
1219813,244855,47535,90357,41718,74103,17608,7954,77,1
343284,531025,607830,172358,219984,193575,31488,13307,69,1
309670,45153,29207,8872,2664,66604,19616,4559,90,1
1014053,40866,44575,37024,26113,55276,3971,1630,90,1
1533858,519543,19613,28202,78503,81782,29421,13495,80,1
992284,183749,21037,22197,11264,13636,7715,1745,67,1
224898,27451,4512,5365,2780,12184,4099,1486,75,1
665306,7630,3618,7460,3227,7259,5253,517,67,1
155949,150047,40212,20515,18453,40326,3003,842,70,1
969949,55009,3902,8233,34700,12968,843,1173,70,1
362690,67863,8344,14617,14401,14760,6439,748,80,1
679354,198506,8056,16414,23351,29563,2407,1201,70,1
406684,84164,23693,3882,5695,5623,3149,2437,43,0
1212903,50006,37504,31037,23604,19046,4054,2875,43,0
1139998,101246,54175,42204,18412,18310,2507,6235,37,0
577844,181926,35029,107568,18458,62390,6878,2442,41,0
2134495,267950,103491,67327,44499,49411,10568,1558,41,0
191954,60190,20729,9896,13958,5197,1905,867,41,0
1197868,43700,12070,5918,7478,3840,724,367,41,0
500168,27702,10208,3860,4326,1417,827,1417,37,0
63057,30661,3806,2243,4689,3155,1733,958,30,0
105219,19993,2505,13225,5663,2738,757,1455,38,0
234417,461277,77660,10834,113088,55655,36519,15245,34,0
1960108,107448,51087,195432,279588,457190,41681,5911,34,0
1265552,305748,13131,75290,259971,155032,23099,22736,34,0
652762,402504,27659,167660,173528,199929,62672,6139,34,0
1117200,498548,29582,81339,61248,43895,9648,3300,40,0
545726,28665,8827,3082,3736,2020,688,552,35,0
46428,33513,685,14253,10276,4967,4760,1258,38,0
32519,17739,2497,6394,9023,1720,1441,824,34,0
1022005,106306,36586,58195,12601,16899,15601,3390,37,0
1247776,171910,71234,15431,17226,18189,11169,2053,38,0
1103614,55057,7919,35228,20376,4371,5206,1922,30,0
171583,126384,9656,21020,29537,32039,4361,3223,41,0
569220,497367,36573,45346,18471,8318,7786,1954,26,0
348904,565671,84446,25992,17381,10666,5103,2906,11,0
684724,171144,44679,24812,31992,17618,6518,1726,16,0
198771,322983,24623,41115,44421,16101,8447,1902,1,0
409548,142602,72851,23402,23143,12272,5902,5049,11,0
175779,27008,21232,4759,7554,2231,1968,758,21,0
1117052,144574,9357,53747,13737,10979,3418,7373,17,0
144815,52923,3834,11321,2434,4223,2018,780,21,0
400480,48829,11306,11097,13820,4344,3023,1429,24,0
722681,330428,31996,48731,68944,18571,12911,2907,24,0
389776,20060,5856,3095,3894,4491,1486,819,35,0
573908,185366,37069,88394,35356,16406,5181,7819,34,0
2009131,66133,22731,28494,20645,23818,7440,4087,44,0
179010,53169,19904,25144,14978,17865,2885,2091,56,1
254493,172938,22527,39231,53046,31010,3198,3472,44,0
224816,33751,2381,797,3763,957,1563,358,26,0
426393,114485,33766,10156,5859,14142,6935,3236,29,0
888278,364864,119785,70941,78182,7705,12223,4119,16,0
139431,42189,19980,12660,14573,6337,1335,1668,13,0
83892,69194,16655,15429,19721,2871,2986,2236,14,0
511886,80693,8165,51161,18000,11087,3249,2507,13,0
302303,27306,30272,6059,8339,2466,710,693,21,0
45468,112482,19005,2185,10856,6064,1266,615,14,0
886651,54103,78845,40549,14013,21898,4249,3290,27,0
542906,37449,13434,6014,4284,2265,1084,659,21,0
157908,39485,8493,4254,7829,4580,1517,1078,29,0
646840,124889,26100,30035,28720,12006,7054,1254,35,0
108230,91364,8331,22993,19986,7612,4499,709,27,0
63118,30196,164,4226,5349,4373,1614,438,38,0
242202,32995,26075,32092,10273,5955,2061,670,35,0
273609,129978,20496,28163,7973,10384,2571,2191,35,0
169619,333889,71516,27115,92001,30082,5652,1966,37,0
55799,54593,4638,7971,13979,11198,1026,1628,38,0
127865,19123,1734,1109,11297,6133,810,765,64,1
189202,83635,64036,11840,9713,4102,4310,1807,34,0
127525,34269,7258,1547,5192,4671,399,992,35,0
171179,45042,4048,2617,5056,2753,1819,408,20,0
554311,195723,14012,56369,14758,42032,9703,3503,34,0
522917,127657,24186,21972,42577,8775,4794,1388,38,0
138763,69035,26770,30400,15719,4749,5517,2301,35,0
586902,49746,24348,37883,30501,17338,3239,10656,37,0
282474,12573,5925,15921,2989,1322,1201,936,26,0
143906,159535,68923,73659,51708,25960,5918,4490,29,0
64910,84539,12001,17516,11651,14028,3792,2223,41,0
76668,434780,68178,40882,71451,52960,3463,2173,37,0
78466,14406,4950,16204,11001,5957,1847,2484,57,1
158353,67436,5998,14128,3697,11443,3984,2317,60,1
1051567,325510,163931,4192,29299,6041,3774,2932,35,0
80911,60204,43512,17129,11090,13167,4721,4599,35,0
117707,28534,10744,11276,8680,4291,980,485,27,0
259756,12758,16557,12167,7876,4106,2125,1504,26,0
120805,40214,2851,3711,1598,1429,699,201,38,0
99511,60788,2882,7430,1584,3333,844,377,30,0
44521,37068,36785,10256,20871,8995,2255,1853,30,0
124032,140448,84053,4028,15157,8310,6711,1614,21,0
313226,24289,12535,3489,4693,1723,409,390,24,0
140495,112961,65318,19615,35592,20727,4867,2056,30,0
573019,96707,79258,14925,9641,11123,2164,2174,26,0
732652,440594,24467,66318,77718,29353,43536,9846,27,0
892829,302094,15433,57356,76682,40177,15408,6815,37,0
703410,122375,37613,26225,16765,39226,16206,7048,43,0
233314,116070,56453,21965,27112,43207,6565,5624,61,1
387569,15890,9030,6376,6672,8872,863,393,69,1
162992,61209,26925,14033,60408,24284,9150,6452,69,1
103061,23022,16589,6945,2464,2462,742,424,64,1
91261,75169,21984,15033,16206,4254,1207,821,35,0
96097,128815,51740,26695,24890,6710,4384,2797,16,0
1583676,427843,13208,13763,41141,40690,11551,1718,21,0
2271652,215715,48938,37565,22117,15289,12620,3655,20,0
1279439,528064,28921,46475,52669,107651,33931,7017,35,0
519067,11486,2945,8922,8029,9566,1621,1134,61,1
281088,44276,60724,33978,30602,9738,4064,1318,64,1
307945,19746,10890,2645,4350,1827,679,144,29,0
634180,70921,59139,5489,44674,10632,4049,2765,30,0
1625438,542920,97422,40418,137646,112507,39678,19309,41,0
30177,55410,32646,32436,19864,17356,21490,3635,56,1
28143,149160,7390,23831,29065,15330,12252,6688,57,1
545664,22031,1557,25763,25744,15783,8965,1966,64,1
444270,25935,29438,21187,8637,7828,3617,1822,60,1
399364,78633,11078,45560,20075,13548,2862,2138,56,1
1373773,304414,7862,76794,53266,66634,21198,4222,64,1
159610,157862,7150,42632,14137,31688,21944,5205,57,1
556749,156388,7139,28459,55677,27341,5981,4771,61,1
73596,7074,3822,3926,12375,5292,5530,1418,56,1
61819,46613,21396,17077,13225,8293,4156,1421,57,1
553639,20080,4760,11621,5068,5173,1566,477,57,1
3234780,237350,51337,35142,39578,10072,3205,2237,34,0
112881,118585,67145,65652,57889,5229,9800,4138,4,0
97032,13977,7044,1035,2738,955,707,465,3,0
260728,34264,5575,6684,1930,2422,2616,431,11,0
428582,89099,14777,17316,6493,5550,2189,810,11,0
132259,76199,13034,9226,17002,6449,8797,5282,20,0
3289679,458122,159531,94948,29785,273826,70160,29795,41,0
251342,78741,7041,6850,8659,3029,1731,665,37,0
302838,36932,6587,3828,3571,2582,920,228,40,0
1745486,219252,12498,12634,46495,44596,16479,12983,38,0
389815,70568,29647,20600,19458,6809,5210,1676,43,0
37455,48396,37802,63353,14713,6544,5940,2115,40,0
569109,59312,6795,15616,41142,28185,6384,2586,44,0
1394660,750683,78316,287077,100415,207218,44673,19716,56,1
292711,328586,101042,150891,37578,113098,18405,8631,61,1
19090,9687,2831,1235,869,3851,463,691,80,1
1666657,381885,63201,55189,32840,18862,6626,5235,57,1
155909,263859,8276,21394,67369,29079,22292,11438,44,0
739574,77377,53924,5727,7986,7609,1905,615,29,0
480405,129974,51066,24502,23586,6637,1424,1589,27,0
1549805,165259,8794,24834,6520,21014,10647,2798,30,0
297643,301407,105727,49126,40494,15519,20572,13516,21,0
1098563,154152,20248,9518,31182,13249,3680,823,23,0
119306,9826,2169,907,1636,1729,1205,970,37,0
31488,17191,31709,11611,12029,11796,7252,2299,43,0
694318,11958,1544,5237,7915,3527,766,437,61,1
308004,107155,3510,22322,29609,13429,2513,5538,57,1
537349,165437,36467,25636,13325,6359,953,577,41,0
87239,50233,25874,23111,7569,5369,2857,3265,35,0
531494,116891,26739,15005,30957,8019,5743,1886,23,0
198722,109294,22935,15204,23721,3263,2942,3421,10,0
89129,52014,28185,5929,19804,8822,803,758,21,0
1136195,63469,12632,43214,50851,38336,9198,2551,38,0
293390,75951,37570,8915,6653,2565,1294,938,29,0
54379,54266,24155,17509,8196,4729,8125,3162,38,0
56220,27080,12461,17673,7357,6932,2987,2659,38,0
47230,16621,24527,33522,20110,12440,3569,1678,56,1
262573,186834,13760,43965,16315,21755,7365,4743,41,0
584522,63859,2535,3308,15036,4830,2411,2292,44,0
76772,33030,20329,3826,9544,7607,1620,1292,57,1
83562,59462,49015,18508,29145,24115,10917,8216,64,1
91693,25464,4107,5073,2531,1011,362,177,40,0
833694,80514,83606,8653,26500,25374,12214,8089,41,0
1320742,176346,65586,66433,19198,15214,4106,1723,29,0
533004,109151,38893,61807,119262,14733,1516,2125,29,0
159508,9082,6141,17631,5814,4918,2415,498,43,0
243345,65849,24095,15020,13304,5161,2285,944,34,0
677496,137352,21756,32917,24055,16181,8401,3214,40,0
161510,83055,11032,9443,11271,8069,2097,857,40,0
572493,270064,44351,41506,17061,13634,3017,7536,29,0
146012,63760,40577,19191,14241,11217,8700,10316,34,0
163726,49176,15929,8191,1341,3024,1362,759,26,0
166793,14332,6151,2823,1812,1703,327,211,24,0
59429,44791,42471,4691,3064,3640,3273,4369,24,0
73333,85949,61772,13531,17723,9646,4027,1841,23,0
179186,9976,6356,3294,2592,1126,250,130,26,0
70731,13732,2673,11667,17506,9891,6814,3267,40,0
146207,60604,33485,13443,20174,5726,2673,1048,38,0
141095,139005,77770,9181,13713,8689,3148,4041,27,0
97309,16257,5528,7046,6420,1798,1166,976,23,0
518012,15823,5164,4361,5658,6218,547,702,37,0
64963,25797,7008,21339,19917,6625,6045,1383,43,0
204933,73449,21928,29495,17385,17519,1992,810,41,0
1012473,447335,95152,32747,10078,36796,10056,7019,37,0
64988,21137,15339,16342,3233,8718,3084,1017,41,0
724949,409537,88197,11673,38096,13283,10470,2156,43,0
203157,68536,16547,9472,5758,8104,2904,511,37,0
270240,246217,5439,14119,44862,14269,7829,2007,24,0
100122,3750,854,894,540,2134,272,80,38,0
80749,24084,5932,11601,22007,13189,4883,2022,61,1
239156,73510,10342,4731,6632,9855,7144,1002,64,1
240368,47463,45388,6461,18192,10681,2100,324,70,1
128450,190561,2441,8206,28974,16586,5258,3679,41,0
633768,63783,29144,24206,11845,17752,9232,3612,44,0
37121,12417,9787,5468,3817,1693,1660,617,40,0
162766,18685,13357,5210,1193,1528,798,693,35,0
141919,99872,21541,36811,38552,5535,3341,1673,26,0
571401,29466,8307,3099,2975,4847,2563,530,24,0
107799,27590,25378,27082,5840,9342,2593,2409,30,0
550844,110021,37620,13331,15524,8137,5554,1591,35,0
115333,166375,20594,47648,21855,13741,1774,1099,40,0
453068,13669,16397,15145,8126,2994,1551,1064,34,0
168602,201930,5955,9046,15391,2902,5202,1566,11,0
70856,57574,14796,7242,18419,4598,5457,2485,10,0
144513,20777,8134,4969,2029,1707,1344,425,7,0
24127,46229,5727,4243,7362,7246,2791,1863,27,0
22616,20955,30526,7248,8468,6619,2436,1921,38,0
968785,114586,33377,10575,9106,9011,5023,2645,41,0
240535,236335,77732,48161,35345,8509,6139,1473,27,0
68417,23136,21041,10784,9071,11602,4019,2764,30,0
476987,181976,9212,49177,11155,7383,4366,1794,24,0
196566,135198,12927,10822,3758,7665,2878,467,23,0
58714,51796,3467,9846,4266,14619,6859,2096,43,0
34588,28694,15063,15780,7213,4285,2494,2313,35,0
97474,73537,11163,32494,9376,5715,1459,1678,38,0
80310,36490,42216,22527,2990,5017,4693,1824,38,0
386731,127735,27440,51900,7532,6939,2675,2432,20,0
117704,31662,11832,8318,2130,5089,546,562,23,0
20000,15438,37039,11292,1262,8300,5983,1518,34,0
183220,294066,71879,73680,79046,17554,6721,2606,30,0
368550,140486,26960,31797,24804,7003,2563,1884,30,0
473602,61008,11662,25349,17772,6734,1132,564,27,0
63828,50548,3016,17730,9052,12310,4694,1169,30,0
76386,119032,1475,18604,7952,7996,2509,3280,35,0
121437,49213,16996,9813,11837,5202,4014,3804,40,0
307347,215685,116103,27337,63651,15177,8886,4803,35,0
85165,19925,4353,5454,2055,5661,438,2629,37,0
723300,90116,12977,22698,10151,8885,1259,1667,38,0
252501,253178,16158,29196,11259,7035,3592,3463,27,0
101381,34096,10025,5458,10856,4850,1505,852,35,0
204308,36174,1956,9351,6546,4037,1909,1049,27,0
382471,25316,3379,2797,2438,3662,1622,297,34,0
227297,20719,8072,2869,2019,2799,1041,346,44,0
26277,44144,3575,9236,4943,1034,1143,1304,38,0
83832,54095,49857,17606,16095,9207,4624,1606,35,0
157547,26266,9308,1077,1314,6776,726,819,41,0
169802,26734,11607,4949,7341,4980,1175,1509,37,0
2642862,385994,161392,69658,118035,14072,6127,5947,37,0
449548,30550,13005,13572,8927,6749,1103,1328,41,0
103113,74959,27539,14263,12002,4164,2074,2688,26,0
188759,17370,5080,10588,1830,1188,710,367,27,0
66304,20310,21954,10967,3007,2141,1037,657,17,0
574044,31379,41238,40305,15409,8075,5054,3201,24,0
469867,91630,30162,49947,17341,10650,2979,1532,21,0
317148,122583,7461,5274,8301,6594,5628,1414,24,0
104482,91586,50518,31118,21289,10092,4401,1894,26,0
228218,64623,40302,17218,33811,27034,5664,1274,37,0
1229031,25241,24761,14021,3640,8354,2327,736,44,0
153165,54014,34896,51162,19611,9297,5107,1012,56,1
598627,122757,74204,10708,32035,25034,10633,4776,44,0
797009,174782,39565,14197,21955,9160,4142,2067,43,0
200765,21621,3346,9779,5558,1780,1529,1236,38,0
243146,104304,6348,27528,27751,10377,8886,1937,34,0
94721,338198,59588,113937,28378,7863,15005,10961,11,0
120938,64411,61884,66906,62630,28952,2156,1313,24,0
1031313,207492,51269,74671,73805,51185,39587,10859,24,0
144418,130328,14957,37065,34880,23321,9413,6658,34,0
51880,23844,7341,1123,7315,2556,2261,730,34,0
863148,106529,21324,15470,24926,4806,5408,2944,40,0
354057,40450,17696,19827,25225,8052,2352,1368,37,0
94452,121404,59734,70174,43838,23024,3367,4289,34,0
520694,60976,26039,14932,19175,14955,1558,826,40,0
198577,131872,24632,50458,26633,10921,4814,1936,44,0
112186,43470,13546,16130,21830,7756,6091,2315,41,0
354763,735714,44962,45972,184501,45514,10907,6896,34,0
592378,86477,16814,12971,15953,2999,1949,1640,23,0
831935,82434,15217,36014,13324,17245,2612,4344,30,0
156016,33304,6252,877,1357,817,354,213,14,0
14681,11007,3824,7267,5000,10777,4349,1569,35,0
138349,29684,4622,14407,18038,11359,6876,1087,56,1
22167,51087,2175,7383,7690,7501,2817,978,56,1
176094,51409,34954,7347,10548,8910,2149,3536,70,1
210877,131389,58697,27372,15087,21793,2272,207,56,1
316463,240227,43112,16704,11765,15483,6102,1547,56,1
246464,214161,13493,23510,18981,15805,15018,5187,43,0
401110,62850,12254,10401,14712,6486,2770,1943,56,1
123022,29575,4502,36130,25665,23791,3406,1084,61,1
179416,73724,19507,11743,7363,5793,2533,896,40,0
36264,54013,23288,27383,11960,8073,6322,4717,41,0
78181,12110,18062,2338,6577,2106,1229,1346,26,0
108346,23945,8534,11095,11767,7107,5998,1133,40,0
128214,142860,24501,9056,16821,36323,7024,4225,63,1
231923,58437,22581,15833,8259,10277,3538,1572,60,1
148495,202515,30411,23817,6199,8931,4881,4190,41,0
44786,21248,19302,19135,11681,12966,3731,1749,41,0
335916,55786,35555,6874,8967,3067,1325,520,29,0
2439170,74613,45256,16586,17103,18760,19037,8939,37,0
102266,49772,54235,6438,9771,10347,7643,5748,44,0
1291421,144103,18746,8495,10375,5129,3467,1746,27,0
140902,99989,15606,15541,22920,13348,2704,2924,38,0
314995,50336,4284,8965,6094,5203,2472,1466,34,0
129881,53709,4349,2229,2480,2413,1116,1070,24,0
252351,58868,53228,11290,67422,11901,7107,2293,35,0
715000,60544,64517,61406,11989,8634,11717,4733,27,0
260506,22344,4108,3173,6086,1096,267,455,21,0
38213,66948,49830,26355,14357,5968,2145,3232,21,0
935430,281068,44160,20581,31035,20834,10840,1374,17,0
141323,18286,1534,17375,21364,11566,7025,2386,37,0
209245,1518,1451,1224,2082,922,151,61,64,1
84392,16736,13721,20841,36115,6242,5170,4822,56,1
199356,35305,16265,39516,10433,32250,6560,1671,69,1
368129,14631,5730,9956,13213,5514,1140,425,56,1
26449,40130,7169,27819,9984,3209,2550,946,35,0
29386,27242,13139,4020,4403,2461,989,911,43,0
133088,26642,25916,9479,2676,933,2339,557,23,0
475718,127682,109810,42629,15965,9309,2518,1348,8,0
146372,12814,2214,12742,12829,8264,1798,872,27,0
254143,18626,8026,6639,6036,3568,1671,752,34,0
146964,67976,14037,12562,24012,2266,1145,676,38,0
889317,125224,11388,11830,6978,4862,1617,802,37,0
1568108,138790,82909,49336,9940,12536,8165,2846,17,0
15121,23246,4095,29158,12081,5395,3332,1395,17,0
1252519,205315,85379,67610,63462,22573,3252,3712,27,0
667220,595606,132563,15568,4923,15035,13445,4763,23,0
104458,81925,12624,11513,15279,6495,1444,649,26,0
48782,11779,6475,812,1968,2078,493,518,27,0
96672,65440,25654,3376,12380,7337,2045,383,29,0
396931,605048,108667,42380,10044,38371,8112,11268,40,0
391068,12171,3235,574,2045,689,449,157,35,0
188095,130989,34848,38476,18715,10418,1445,1846,27,0
1535577,79768,37917,23797,18897,16863,11583,2974,30,0
325719,124498,22498,19794,28556,19761,17946,4585,61,1
925930,91764,10513,18311,17445,16689,7686,3358,63,1
140145,38551,9446,9566,9578,17333,10262,967,69,1
826835,401878,6109,6149,36115,64369,9555,1035,69,1
86412,22184,10007,8014,19316,3722,555,624,67,1
175461,60837,7374,7320,6750,3772,3718,1607,56,1
352038,6624,9260,1623,2333,2476,748,370,56,1
2015172,50995,43605,16103,111751,34854,17629,5086,64,1
651697,30482,12744,9522,22474,16378,3174,2289,64,1
277722,45645,6373,15712,5255,10635,6381,770,77,1
1971961,1046590,79808,63479,271778,183404,50468,21238,77,1
199847,11215,25476,37893,29502,12001,3345,3162,74,1
1321340,103979,72681,30696,21914,41950,27226,14464,74,1
162256,59875,16150,15243,39786,8986,4381,655,61,1
51816,57519,10322,44668,59636,36985,3596,1388,70,1
574924,1550021,129542,47952,177725,157229,127266,28799,64,1
48051,21670,1636,8986,8324,12493,2275,1287,74,1
267737,70279,18362,19613,14202,12140,3045,2899,75,1
1584155,343653,63844,206273,214646,76950,42362,8605,64,1
121262,41861,19104,4402,6034,5335,2901,1107,64,1
1089027,162118,9103,81334,114493,70282,35616,9263,60,1
1485980,102037,31101,50560,12427,9416,2401,997,56,1
3130159,1008400,90390,1289709,1279263,998179,63909,47538,66,1
39193,17027,9839,2309,9830,3753,3940,755,69,1
368396,68210,9837,7532,24141,16954,12972,826,67,1
34925,24533,20261,8339,5662,6954,5192,1989,77,1
450134,159429,40678,46992,11262,81602,16559,10298,74,1
1281894,100587,47944,12622,21840,17636,11218,3877,74,1
796706,178830,33090,32561,102541,102676,6397,2155,80,1
27001,27028,1680,12274,8247,3479,516,273,75,1
497412,253734,71881,64430,56292,79715,77896,8585,70,1
594967,343778,96710,34543,31513,56919,19941,12176,70,1
877718,715363,76774,64023,98770,80811,18158,9654,56,1
1944713,258399,5773,145283,50075,104341,32096,10927,66,1
409036,25420,2331,3798,13447,7811,6916,3928,67,1
238060,4197,2574,1533,5530,2253,868,743,77,1
1190956,352187,61811,118876,144966,85107,29954,18327,81,1
1171726,212171,54677,80006,59034,67546,34787,16912,80,1
424140,111399,38566,7558,12053,10133,4235,1788,66,1
1371212,714164,96150,446215,330937,339731,108082,130963,66,1
1607343,472499,133588,331149,314266,551891,92500,37796,64,1
2205419,785091,324313,120042,301248,252984,102851,36087,77,1
1217325,46552,73825,42420,41677,51330,13889,3270,78,1
2212431,757987,228315,79779,248961,307316,27712,21563,78,1
919301,29788,18258,8927,16714,7793,3213,534,78,1
1090216,385540,22675,62549,122554,79052,20409,8101,91,1
1307493,693064,117412,323476,121624,274616,37101,13004,83,1
901330,36445,16425,41676,12797,17435,12289,4891,81,1
114543,18569,7064,18146,29610,4397,975,1015,70,1
1902992,427002,215686,52496,142926,80626,32250,20045,67,1
42852,29655,8214,31700,38526,30841,1722,282,69,1
702012,42932,25371,14111,10961,9300,6252,2579,69,1
94817,108659,29545,28988,23864,45853,14454,6531,83,1
1129163,130426,22845,16898,11046,20201,6060,1482,78,1
779173,57771,5834,5034,15201,9388,1650,1041,66,1
760876,391832,90861,246985,338115,114046,22018,27450,67,1
362703,554836,74166,119721,384941,154674,28542,23404,66,1
124987,28189,6579,16864,5550,5138,1530,478,64,1
267834,20412,26189,17901,41853,28424,7121,1108,77,1
610912,55313,37333,29354,9471,20745,15716,8717,77,1
167602,45980,484,21539,26701,22499,1507,597,83,1
94819,223346,19191,75257,90722,41877,2637,3344,83,1
166707,203740,36837,6640,52815,23081,3070,2080,75,1
88712,125299,29354,46697,41288,73729,11790,2682,75,1
192623,216802,9856,18489,117245,48338,20773,4629,80,1
753654,250011,76236,119495,68258,67392,27815,15008,70,1
625699,112416,62994,36821,55062,38990,18153,3990,66,1
396140,182568,35210,60997,78885,66869,12251,6333,66,1
988403,76376,37681,17550,24384,18596,1680,961,70,1
305095,30957,22740,14084,20927,24588,2191,1775,77,1
413346,420338,135059,286220,226868,101491,11210,4717,74,1
1378231,248050,26480,154958,277265,174980,34182,9372,80,1
567265,48823,6591,20128,29776,16301,4020,1032,83,1
892380,138609,184050,63076,68443,58342,7919,2207,75,1
653841,181417,50337,70469,166920,86857,33735,15507,81,1
272736,85598,27169,40851,42575,34442,20860,6376,77,1
700248,67425,17898,120104,89814,72287,43642,7828,81,1
595929,107941,24108,22660,30981,50484,8585,4985,90,1
76629,20509,11526,12030,11281,9939,3091,398,87,1
49568,68004,6009,19411,30214,19015,3566,1152,84,1
760938,40406,39050,35481,32316,29428,9725,1951,81,1
953159,132627,96245,48095,58553,34713,7429,3266,81,1
1226529,424809,163117,203806,332234,380859,45071,14380,84,1
110722,7039,13774,30351,19813,9149,3510,830,84,1
1936608,237353,26997,89216,92288,167072,45631,10011,93,1
485078,74416,6432,7087,11403,23526,8840,693,96,1
2077754,898853,66428,265692,265854,343691,12999,9952,96,1
430611,187654,69798,46233,98797,37292,9493,7502,96,1
73992,58822,15543,29741,75331,45855,12573,6374,96,1
1069996,81662,15886,41482,41567,12377,3697,1610,78,1
3132591,166266,167665,58952,102488,42282,29260,4286,69,1
543579,210007,28773,73365,105895,57608,9731,3697,66,1
205771,19298,6988,6670,21011,12348,3374,1638,69,1
280704,29290,17352,31003,33523,53800,3954,824,69,1
1678359,28382,63962,58601,89854,74602,5496,1176,69,1
1035562,244692,10854,117259,42440,78121,41276,2652,69,1
143508,98329,110880,66203,138388,111178,4417,1715,69,1
535329,16451,15276,20678,28132,29972,14870,8016,69,1
191135,442482,186413,79896,110588,108147,23716,9357,74,1
256342,187214,130236,58689,57770,50946,68637,22221,69,1
1629109,1529666,427068,518765,577073,316604,45753,6063,66,1
387845,278543,83104,312287,188984,240729,22262,7913,66,1
170692,80695,25218,43107,37661,33607,11876,5223,69,1
551302,37357,18794,21984,35158,18314,9036,3590,69,1
1867068,112664,23881,14177,58719,65113,23928,12096,81,1
787586,72007,9067,9705,6526,9828,9304,5301,80,1
417907,57782,52378,49055,62496,29061,17163,5284,80,1
566189,60723,9388,16330,17862,9264,2115,440,80,1
251927,32806,11705,42581,92177,64200,2997,910,88,1
299086,180067,133703,22614,22229,51066,13114,2035,88,1
587435,68195,2342,19005,43755,20067,23642,21035,88,1
371048,139557,99395,158711,145117,119143,6910,1704,90,1
1723425,137688,67514,125900,120153,95203,6590,5344,87,1
1173997,318022,284049,183789,183946,182194,43652,16971,94,1
110276,261685,127332,63028,103041,105679,25496,11501,83,1
445498,207063,77929,165959,139966,62491,26866,6943,75,1
1633096,92117,73536,141415,189913,123563,10360,4125,80,1
711955,86805,43226,23694,92367,64661,20567,7375,84,1
807863,195881,66491,136076,237012,112936,5890,4882,87,1
67026,46616,3048,7197,9329,4210,2061,822,81,1
578193,149518,44599,39039,74106,91417,8685,3403,80,1
223119,150155,39616,48597,120643,74291,21403,6129,78,1
1056799,211425,53364,76392,314805,246270,33017,10614,88,1
31548,21318,13757,31982,16028,16663,2877,677,100,1
200953,43278,17021,21772,31203,17196,1484,329,93,1
317484,420653,113479,146472,207975,243879,47976,10718,94,1
285249,50774,9180,19172,9465,26348,7047,5076,87,1
1446334,74440,54000,103413,173646,169427,31157,7402,96,1
910389,117872,51219,56490,60101,41729,4030,1575,96,1
174386,468089,53626,39765,26775,36163,12376,3560,83,1
771232,131422,148027,279240,322626,289697,64028,4510,87,1
958137,6576,15869,21146,42909,22585,4933,1724,93,1
529314,10689,10258,12538,63247,22452,6858,2309,93,1
1830703,815920,136622,1793631,862673,1260871,541298,130391,93,1
585157,74740,14692,42441,51960,41378,4059,1099,93,1
524323,62064,18851,25223,30932,17527,4599,827,78,1
844098,107586,53760,21627,68515,73217,14193,905,96,1
1114814,231594,64170,91117,47148,56357,12499,7852,84,1
829298,135889,20098,22522,49878,49493,9081,2579,78,1
106997,79240,20345,40241,40440,45554,7023,2875,84,1
498830,143295,198229,58610,195136,110677,23381,7667,81,1
287867,66938,3997,28305,69084,74395,7344,1749,97,1
768152,8616,54997,28270,39136,46817,6136,1251,100,1
613824,569381,209843,329839,321726,374960,51813,10105,100,1
158871,46264,13961,6350,29394,18834,10612,2731,100,1
497460,166048,122294,56967,90346,140039,42374,17356,96,1
37680,14672,1936,18926,15965,10108,1863,443,91,1
469899,32516,27963,19980,3899,6090,3000,936,91,1
357692,115507,60888,34252,35191,22476,15290,5182,78,1
92163,46937,27482,23951,36124,21603,13475,6426,77,1
705888,414677,152610,96522,177582,249647,34049,5585,77,1
121231,21583,8033,13338,21482,5740,2319,1961,77,1
906547,107794,77882,146014,273136,71423,23795,6098,77,1
1142004,150032,40472,83916,21254,99320,9584,4774,77,1
3056668,523533,168769,229651,297012,127851,78616,15215,77,1
115944,63234,27985,19688,49440,77653,8346,3781,77,1
823563,213998,255485,101963,394592,304957,125130,20617,77,1
832853,355763,99077,66544,71877,114404,50413,18049,69,1
714495,370812,175587,267530,204740,186741,29161,14134,67,1
187465,12749,11980,3469,7034,6046,5116,3200,75,1
168262,28011,9144,4025,5752,10191,6945,4745,77,1
54372,52664,4092,2851,13534,15495,3464,2111,78,1
949703,230416,193420,479598,535849,455055,119208,136486,87,1
245050,46399,69415,45345,82053,59990,15528,2567,87,1
418138,30863,11010,21898,94681,19093,12655,5836,90,1
646658,498346,223821,184249,115849,202138,51954,14159,90,1
1376301,405648,127786,36550,54925,87146,9374,1640,90,1
1555044,128961,90160,154468,372565,168345,49077,20077,96,1
73164,33010,9852,17188,4795,5648,3774,1371,96,1
496805,1211004,193259,324163,302636,154479,87470,22002,96,1
132742,42814,51638,40419,33913,15316,8462,1728,87,1
1088423,240570,56595,17232,90840,68088,11965,3206,87,1
163932,129654,77028,86767,42904,63703,7499,1933,78,1
75751,10874,6035,3255,4427,4658,859,467,78,1
1889365,838524,697155,849088,1079236,954625,150199,53742,81,1
863136,249694,170958,77621,141743,80304,68193,6964,81,1
408819,391616,135114,122591,121338,92648,49881,23778,81,1
45301,20630,7688,10973,10648,24194,3887,1433,84,1
558820,135167,116499,86744,60983,23748,13382,2259,83,1
1554703,408283,28076,61775,159266,128511,20458,2187,83,1
105552,19056,9560,6269,7517,9020,1384,843,75,1
319158,177939,311623,79014,369035,256219,74551,28710,78,1
1488207,302577,66657,199690,67581,111370,15903,3618,78,1
282082,19864,8059,46014,54952,23534,4338,1137,75,1
